line_hz,subject,state,prominence_db
21.33,a,relaxed,-0.034035050180017096
21.33,a,neutral,0.40745612674294096
21.33,a,concentrating,10.712946383038195
21.33,b,relaxed,0.5756429986286857
21.33,b,neutral,0.675317729185074
21.33,b,concentrating,10.843902321568237
21.33,c,relaxed,1.6365618138033524
21.33,c,neutral,7.815332522042917
21.33,c,concentrating,6.0521089769286185
21.33,d,relaxed,-0.4618246419563938
21.33,d,neutral,-0.9240955112438799
21.33,d,concentrating,11.030717323950597
42.67,a,relaxed,0.8798157444614952
42.67,a,neutral,0.33359759414467144
42.67,a,concentrating,10.293735727165306
42.67,b,relaxed,0.44551027174205016
42.67,b,neutral,-0.19924212396368488
42.67,b,concentrating,7.205361650603405
42.67,c,relaxed,0.899992674285648
42.67,c,neutral,5.368384322526936
42.67,c,concentrating,4.181438031820654
42.67,d,relaxed,0.5772477424473753
42.67,d,neutral,-0.6972417051309201
42.67,d,concentrating,8.10041028203499
50.0,a,relaxed,21.741793482564855
50.0,a,neutral,16.345118843634314
50.0,a,concentrating,30.00564675589255
50.0,b,relaxed,22.822811383974656
50.0,b,neutral,13.224535754075625
50.0,b,concentrating,24.50623658997957
50.0,c,relaxed,19.656540936979006
50.0,c,neutral,15.498564753640238
50.0,c,concentrating,15.055250793536466
50.0,d,relaxed,22.242920818113117
50.0,d,neutral,10.911913002694991
50.0,d,concentrating,22.843600247931963
