model,protocol,group,acc
GBM,session,a1,0.905982905982906
GBM,session,a2,0.7626112759643917
GBM,session,b1,0.6635514018691588
GBM,session,b2,0.7896678966789668
GBM,session,c1,0.5982905982905983
GBM,session,c2,0.8844621513944223
GBM,session,d1,0.8847352024922118
GBM,session,d2,0.39748953974895396
GBM,loso,a,0.6468023255813954
GBM,loso,b,0.7263513513513513
GBM,loso,c,0.27906976744186046
GBM,loso,d,0.6535714285714286
MLP,session,a1,0.8148148148148149
MLP,session,a2,0.7394658753709198
MLP,session,b1,0.8031152647975078
MLP,session,b2,0.7527675276752768
MLP,session,c1,0.6239316239316239
MLP,session,c2,0.802390438247012
MLP,session,d1,0.7538940809968847
MLP,session,d2,0.6769874476987447
MLP,loso,a,0.7005813953488372
MLP,loso,b,0.7790540540540539
MLP,loso,c,0.2764119601328904
MLP,loso,d,0.7296428571428571
