electrodes,model,subject,acc
TP9,GBM,a,0.5712209302325582
TP9,GBM,b,0.6081081081081081
TP9,GBM,c,0.4053156146179402
TP9,GBM,d,0.5785714285714286
TP9,MLP,a,0.5953488372093023
TP9,MLP,b,0.6243243243243244
TP9,MLP,c,0.37707641196013286
TP9,MLP,d,0.5842857142857143
AF7,GBM,a,0.42877906976744184
AF7,GBM,b,0.48986486486486486
AF7,GBM,c,0.39700996677740863
AF7,GBM,d,0.5428571428571428
AF7,MLP,a,0.4337209302325581
AF7,MLP,b,0.38547297297297295
AF7,MLP,c,0.3272425249169435
AF7,MLP,d,0.4685714285714286
AF8,GBM,a,0.5668604651162791
AF8,GBM,b,0.5371621621621622
AF8,GBM,c,0.24750830564784054
AF8,GBM,d,0.5517857142857143
AF8,MLP,a,0.6843023255813954
AF8,MLP,b,0.6415540540540541
AF8,MLP,c,0.3295681063122924
AF8,MLP,d,0.4946428571428571
TP10,GBM,a,0.5813953488372093
TP10,GBM,b,0.4983108108108108
TP10,GBM,c,0.37209302325581395
TP10,GBM,d,0.5321428571428571
TP10,MLP,a,0.5703488372093023
TP10,MLP,b,0.48749999999999993
TP10,MLP,c,0.31993355481727576
TP10,MLP,d,0.5453571428571429
TP9+AF7,GBM,a,0.5944767441860465
TP9+AF7,GBM,b,0.7094594594594594
TP9+AF7,GBM,c,0.2823920265780731
TP9+AF7,GBM,d,0.7071428571428572
TP9+AF7,MLP,a,0.5837209302325581
TP9+AF7,MLP,b,0.6233108108108109
TP9+AF7,MLP,c,0.2534883720930233
TP9+AF7,MLP,d,0.6021428571428571
TP9+AF8,GBM,a,0.6177325581395349
TP9+AF8,GBM,b,0.6908783783783784
TP9+AF8,GBM,c,0.3089700996677741
TP9+AF8,GBM,d,0.5910714285714286
TP9+AF8,MLP,a,0.7270348837209302
TP9+AF8,MLP,b,0.7425675675675676
TP9+AF8,MLP,c,0.3176079734219269
TP9+AF8,MLP,d,0.6421428571428571
TP9+TP10,GBM,a,0.6337209302325582
TP9+TP10,GBM,b,0.7128378378378378
TP9+TP10,GBM,c,0.3687707641196013
TP9+TP10,GBM,d,0.6625
TP9+TP10,MLP,a,0.6284883720930232
TP9+TP10,MLP,b,0.6942567567567568
TP9+TP10,MLP,c,0.33421926910299005
TP9+TP10,MLP,d,0.6503571428571429
AF7+AF8,GBM,a,0.5508720930232558
AF7+AF8,GBM,b,0.5625
AF7+AF8,GBM,c,0.26245847176079734
AF7+AF8,GBM,d,0.5875
AF7+AF8,MLP,a,0.6183139534883721
AF7+AF8,MLP,b,0.6199324324324325
AF7+AF8,MLP,c,0.26578073089701
AF7+AF8,MLP,d,0.5303571428571429
AF7+TP10,GBM,a,0.5843023255813954
AF7+TP10,GBM,b,0.6317567567567568
AF7+TP10,GBM,c,0.3222591362126246
AF7+TP10,GBM,d,0.6875
AF7+TP10,MLP,a,0.5822674418604651
AF7+TP10,MLP,b,0.5243243243243244
AF7+TP10,MLP,c,0.2558139534883721
AF7+TP10,MLP,d,0.6185714285714285
AF8+TP10,GBM,a,0.623546511627907
AF8+TP10,GBM,b,0.6858108108108109
AF8+TP10,GBM,c,0.29069767441860467
AF8+TP10,GBM,d,0.6267857142857143
AF8+TP10,MLP,a,0.7968023255813954
AF8+TP10,MLP,b,0.7449324324324325
AF8+TP10,MLP,c,0.3205980066445183
AF8+TP10,MLP,d,0.6828571428571429
TP9+AF7+AF8,GBM,a,0.6322674418604651
TP9+AF7+AF8,GBM,b,0.714527027027027
TP9+AF7+AF8,GBM,c,0.26411960132890366
TP9+AF7+AF8,GBM,d,0.6339285714285714
TP9+AF7+AF8,MLP,a,0.6787790697674418
TP9+AF7+AF8,MLP,b,0.7648648648648648
TP9+AF7+AF8,MLP,c,0.2647840531561462
TP9+AF7+AF8,MLP,d,0.6810714285714285
TP9+AF7+TP10,GBM,a,0.6482558139534884
TP9+AF7+TP10,GBM,b,0.7550675675675675
TP9+AF7+TP10,GBM,c,0.32558139534883723
TP9+AF7+TP10,GBM,d,0.7642857142857142
TP9+AF7+TP10,MLP,a,0.6415697674418605
TP9+AF7+TP10,MLP,b,0.7070945945945947
TP9+AF7+TP10,MLP,c,0.26312292358803985
TP9+AF7+TP10,MLP,d,0.6882142857142857
TP9+AF8+TP10,GBM,a,0.6366279069767442
TP9+AF8+TP10,GBM,b,0.706081081081081
TP9+AF8+TP10,GBM,c,0.32059800664451826
TP9+AF8+TP10,GBM,d,0.6160714285714286
TP9+AF8+TP10,MLP,a,0.757267441860465
TP9+AF8+TP10,MLP,b,0.7554054054054055
TP9+AF8+TP10,MLP,c,0.32192691029900333
TP9+AF8+TP10,MLP,d,0.6903571428571429
AF7+AF8+TP10,GBM,a,0.6715116279069767
AF7+AF8+TP10,GBM,b,0.7331081081081081
AF7+AF8+TP10,GBM,c,0.2807308970099668
AF7+AF8+TP10,GBM,d,0.6821428571428572
AF7+AF8+TP10,MLP,a,0.7177325581395348
AF7+AF8+TP10,MLP,b,0.7614864864864865
AF7+AF8+TP10,MLP,c,0.2820598006644518
AF7+AF8+TP10,MLP,d,0.7328571428571428
TP9+AF7+AF8+TP10,GBM,a,0.6468023255813954
TP9+AF7+AF8+TP10,GBM,b,0.7263513513513513
TP9+AF7+AF8+TP10,GBM,c,0.27906976744186046
TP9+AF7+AF8+TP10,GBM,d,0.6535714285714286
TP9+AF7+AF8+TP10,MLP,a,0.7005813953488372
TP9+AF7+AF8+TP10,MLP,b,0.7790540540540539
TP9+AF7+AF8+TP10,MLP,c,0.2764119601328904
TP9+AF7+AF8+TP10,MLP,d,0.7296428571428571
