n_ch,electrodes,GBM_acc,GBM_acc_sd,GBM_f1,GBM_ece,MLP_acc,MLP_acc_sd,MLP_f1,MLP_ece
4,TP9+AF7+AF8+TP10,0.576986076986077,0.0,0.5910969683206793,0.3848959219490118,0.6217035217035218,0.007499114261922756,0.6289532857142048,0.23688571805722408
3,TP9+AF7+TP10,0.6212121212121212,0.0,0.6185063965310825,0.3162368039245792,0.5748566748566748,0.007391000276939221,0.5753128276870519,0.23111366197744382
3,AF7+AF8+TP10,0.5925470925470926,0.0,0.6031250672523414,0.36643928417455457,0.6244062244062244,0.0075747614281879315,0.6297687688682525,0.21764647069783524
3,TP9+AF8+TP10,0.5708435708435708,0.0,0.5808203584017425,0.3813258091966359,0.6341523341523341,0.011071970264452875,0.6397805058401695,0.17541787402061654
3,TP9+AF7+AF8,0.5618345618345618,0.0,0.5770733112790264,0.4015999674830381,0.5981162981162982,0.003622169432841275,0.608795735559798,0.24902290282289696
2,TP9+TP10,0.5941850941850941,0.0,0.5920061771794027,0.33002753879061425,0.576904176904177,0.010550180233175851,0.5740261776501498,0.1571410318220757
2,TP9+AF7,0.5712530712530712,0.0,0.567704504802354,0.36546461680504,0.5161343161343162,0.005177225431377267,0.5071430647342589,0.2281704480788683
2,AF8+TP10,0.5573300573300574,0.0,0.5679315798721404,0.39470965001454894,0.6407043407043407,0.0042760941792650674,0.646222178313968,0.15641993193425024
2,AF7+TP10,0.5548730548730548,0.0,0.5427900507937942,0.36336092166085726,0.49606879606879606,0.005286204607077794,0.46743900276505546,0.20372658297505924
2,TP9+AF8,0.5532350532350533,0.0,0.5649766807411086,0.3927709524490247,0.6104013104013104,0.009155242334140633,0.61667011520891,0.15782068779376573
2,AF7+AF8,0.49099099099099097,0.0,0.5133044388314522,0.4623683204241663,0.5116298116298116,0.00980956500131554,0.5301910355407361,0.2704916486554151
1,TP9,0.540950040950041,0.0,0.5372377998407134,0.33036503281063956,0.5460278460278459,0.004475373003215144,0.5408720225884578,0.09685450698213335
1,TP10,0.49836199836199835,0.0,0.4854190625935996,0.3437928590129235,0.4828009828009828,0.005703680703187604,0.4560562085414609,0.11205944213649362
1,AF8,0.4774774774774775,0.0,0.49753568957374644,0.4477998761309595,0.542997542997543,0.007735114793197424,0.5509985858502942,0.14268877159228371
1,AF7,0.4619164619164619,0.0,0.4656916202111739,0.3997190953654736,0.40376740376740383,0.010424178592430673,0.3938842399052928,0.16066775457222998
