fs_hz,win_s,n_windows,acc,f1,ece
256.0,2.0,1216,0.796875,0.7944252295421531,0.18113919786021396
256.0,1.0,2456,0.7870521172638436,0.7845173520056495,0.1897112609194903
256.0,0.5,4959,0.8009679370840895,0.8011962322387646,0.18144563331565947
128.0,2.0,1216,0.6282894736842105,0.6324368735295337,0.32770648333857827
128.0,1.0,2456,0.5977198697068404,0.6068635370268602,0.3580083061649289
128.0,0.5,4959,0.5900383141762452,0.6002450930638417,0.3601916188666651
64.0,2.0,1216,0.5912828947368421,0.5931325660349149,0.3664437420554508
64.0,1.0,2456,0.5570032573289903,0.5633736666754464,0.38956464951981346
64.0,0.5,4959,0.5491026416616254,0.5600087152937698,0.37828104541288143
