n_ch,electrodes,acc,f1,ece
1,TP9,0.6005700325732899,0.5917053213061904,0.32918250173030134
1,AF8,0.5256514657980456,0.541979325891688,0.39930750741326737
1,TP10,0.4828990228013029,0.4735973852054552,0.3646248216563033
1,AF7,0.4499185667752443,0.45595399307994383,0.4057248809583513
2,TP9+AF8,0.7679153094462541,0.7633640902106383,0.19934095539860577
2,TP9+AF7,0.6828175895765473,0.6634719067354093,0.2731482054547652
2,TP9+TP10,0.6579804560260586,0.6494091978023504,0.2931811883368007
2,AF8+TP10,0.5806188925081434,0.5952581277754657,0.3727273589667821
2,AF7+AF8,0.5415309446254072,0.562903478674926,0.4024426250275176
2,AF7+TP10,0.5321661237785016,0.525748194200171,0.382339880118297
3,TP9+AF7+AF8,0.7805374592833876,0.7768364423486576,0.19556286262562347
3,TP9+AF8+TP10,0.7609934853420195,0.7563983242292944,0.20926549556839483
3,TP9+AF7+TP10,0.6986970684039088,0.6805021073904212,0.262758640133876
3,AF7+AF8+TP10,0.6099348534201955,0.6248251431393799,0.3448434735935303
4,TP9+AF7+AF8+TP10,0.7870521172638436,0.7845173520056495,0.1897112609194903
