degradation,snr_db,level,n_rep,acc,acc_sd,f1,ece,ece_sd
none,,clean,1,0.7870521172638436,0.0,0.7845173520056495,0.1897112609194903,0.0
white noise,20.0,20 dB SNR,3,0.7395494028230184,0.01541267053917304,0.7377133339963571,0.2327985535421797,0.014682170264380063
white noise,10.0,10 dB SNR,3,0.6365363735070576,0.0108865660315719,0.6411019774072043,0.33537398551241665,0.011343159239251723
white noise,5.0,5 dB SNR,3,0.6058631921824104,0.007667995055279881,0.6101204931910846,0.3707572379608958,0.009399632265559323
white noise,0.0,0 dB SNR,3,0.5663680781758957,0.012978320399437488,0.5676466855215093,0.4125618760271718,0.012531708037161334
50 Hz mains,20.0,20 dB SNR,3,0.6875678610206298,0.0035235491275100667,0.6938080013599741,0.28202909713052265,0.004494022689300684
50 Hz mains,10.0,10 dB SNR,3,0.5126221498371335,0.0035183174258457454,0.5196195862923191,0.46509251459847456,0.0038312866731378694
50 Hz mains,5.0,5 dB SNR,3,0.46308360477741584,0.027833278476891626,0.468581237112301,0.5105273958664459,0.03327507603432682
50 Hz mains,0.0,0 dB SNR,3,0.5416666666666666,0.019297364372612626,0.5398716925354172,0.42158803538620365,0.01760321327041492
baseline wander,10.0,10 dB SNR,3,0.7827090119435396,0.002827452043431017,0.7802915015873056,0.1927638746838968,0.0018335800315084606
baseline wander,0.0,0 dB SNR,3,0.782844733984799,0.0005078253782266678,0.779990852353411,0.191505056266394,0.0003846564812769621
contact degradation,,50% amplitude,3,0.5146579804560261,0.06882673337249993,0.4952110032919159,0.4520900939118411,0.05788133961369595
contact degradation,,20% amplitude,3,0.4838490770901194,0.08825982533216291,0.46559641607326324,0.4883228847417684,0.07787756047094274
electrode dropout,,TP9,1,0.6563517915309446,0.0,0.6653439412961978,0.311620407553771,0.0
electrode dropout,,AF7,1,0.7304560260586319,0.0,0.7332542433694934,0.23551584614663512,0.0
electrode dropout,,AF8,1,0.6539087947882736,0.0,0.6516879142376919,0.31755982320481646,0.0
electrode dropout,,TP10,1,0.742671009771987,0.0,0.7337739564446003,0.24059291590268014,0.0
