degradation,level,snr_db,n_rep,acc,acc_sd,f1,ece,ece_sd
none,clean,,1,0.576986076986077,0.0,0.5910969683206793,0.3848959219490118,0.0
white noise,20 dB SNR,20.0,3,0.5827190827190827,0.0023404897897191133,0.59602032797582,0.37887188059444793,0.003159010008977528
white noise,10 dB SNR,10.0,3,0.5743925743925744,0.00227591209398486,0.5876082277840512,0.3873679439286993,0.002800856755635913
white noise,5 dB SNR,5.0,3,0.5842205842205842,0.005657761882626991,0.5975115645823487,0.37836838247146615,0.0049572320852174535
white noise,0 dB SNR,0.0,3,0.5188370188370187,0.0010030670527367952,0.485531785141095,0.449687366032787,0.0024145634634995744
50 Hz mains,20 dB SNR,20.0,3,0.576986076986077,0.00033435568424556813,0.5910968839380516,0.38484482818612603,0.00034405805937430707
50 Hz mains,10 dB SNR,10.0,3,0.576986076986077,0.00033435568424556813,0.5910968839380516,0.3846335514549976,0.0003416568933140299
50 Hz mains,5 dB SNR,5.0,3,0.5772590772590772,0.0005107367440313962,0.5913406374761786,0.384122068575422,0.00047792988181740966
50 Hz mains,0 dB SNR,0.0,3,0.576986076986077,0.00033435568424556813,0.5911183430630569,0.3846196124917017,0.000314964701092251
baseline wander,10 dB SNR,10.0,3,0.5772590772590772,0.0001930403443042603,0.5913429619039107,0.3845811645436304,0.00018767540791182817
baseline wander,0 dB SNR,0.0,3,0.5771225771225771,0.0003860806886085206,0.5912198807296672,0.3847080282750508,0.0003263431919902055
contact degradation,50% amplitude,,3,0.5808080808080808,0.02385981779228922,0.5807705640404633,0.3797952818518319,0.023587261188365995
contact degradation,20% amplitude,,3,0.5651105651105651,0.025588588062865486,0.5633854176399691,0.39803139659800674,0.028724479324509288
contact dropout,random contact,,3,0.5084630084630085,0.03969878318015799,0.5036521453263311,0.4574383247501521,0.04458132776294219
